video,short-term_memorability,nb_short-term_annotations,long-term_memorability,nb_long-term_annotations
7494,0.8472337,33,0.7696191,12
7495,0.8475474,34,0.76903284,10
7496,0.8887673,32,0.81387883,13
7497,0.87004334,33,0.7928343,10
7498,0.86050916,33,0.78575253,10
7499,0.8880906,33,0.81324184,13
7500,0.84569496,33,0.7677081,10
7502,0.8666811,43,0.7888916,15
7503,0.87448394,33,0.7972077,11
7504,0.87370014,33,0.7973062,15
7505,0.857797,38,0.7801486,10
7506,0.8472255,34,0.7699405,10
7507,0.8611782,34,0.7857696,12
7508,0.8649319,33,0.78819275,14
7510,0.86110073,33,0.78268933,11
7511,0.8817199,34,0.8051336,18
7513,0.85102737,34,0.7711413,19
7515,0.8818747,33,0.8055191,13
7516,0.88286364,34,0.8063661,11
7517,0.8460848,33,0.76566136,13
7518,0.87522304,33,0.7978574,10
7519,0.87237763,32,0.79819345,10
7520,0.8595753,33,0.77937967,14
7521,0.8388662,34,0.759244,14
7522,0.8685428,33,0.79032886,16
7523,0.87390316,34,0.79739857,14
7524,0.87674206,50,0.79984593,22
7525,0.8589556,42,0.7795635,10
7526,0.84838545,31,0.76914644,20
7527,0.86971414,33,0.79225105,17
7528,0.8327686,32,0.7518625,10
7530,0.88997406,34,0.815023,11
7531,0.8554853,33,0.7771224,14
7532,0.83795667,33,0.7576261,14
7533,0.8776133,34,0.799978,9
7534,0.8822671,34,0.80547816,10
7535,0.8807719,34,0.8050372,10
7536,0.8469243,46,0.7678362,11
7538,0.8528545,34,0.7726053,10
7539,0.87211734,32,0.7961029,10
7540,0.87322044,33,0.79734445,10
7541,0.85281396,35,0.7733776,10
7542,0.87144583,33,0.79329824,12
7543,0.8302122,33,0.751809,12
7544,0.87691885,34,0.7999513,11
7545,0.88499874,33,0.8091477,13
7546,0.86236346,34,0.7825872,14
7548,0.86356807,38,0.7853323,9
7549,0.8629669,34,0.785036,13
7550,0.8815859,56,0.80549383,21
7552,0.8281379,32,0.7482444,16
7554,0.8658381,51,0.78805,24
7555,0.8549012,55,0.77530086,13
7556,0.8736204,33,0.79876995,19
7558,0.8400817,33,0.7609417,16
7560,0.8526621,33,0.7732688,12
7562,0.87016976,33,0.79480404,10
7563,0.8916757,32,0.81714964,16
7565,0.86463726,34,0.78717446,10
7566,0.8738743,34,0.7978647,13
7567,0.8404291,32,0.7604438,12
7568,0.8494256,34,0.7709111,13
7569,0.8655094,43,0.78784287,10
7571,0.8934673,32,0.8198993,11
7572,0.8719097,34,0.79514515,11
7573,0.861157,37,0.7819927,11
7574,0.85819864,36,0.7790988,12
7575,0.84770286,34,0.7683165,14
7576,0.8424988,33,0.7654852,12
7578,0.8679625,47,0.7908347,11
7579,0.85162646,33,0.77212036,15
7580,0.8460072,33,0.7659358,17
7581,0.84207755,33,0.7617644,14
7582,0.84977984,34,0.77132475,10
7584,0.8830684,34,0.80750364,10
7585,0.861377,41,0.7822467,16
7587,0.8627207,33,0.78631383,16
7588,0.8722739,76,0.79620874,16
7589,0.85486174,35,0.77522564,11
7590,0.8676428,58,0.78976464,13
7591,0.89169097,34,0.8161138,10
7592,0.8516856,33,0.77128947,11
7593,0.8556882,33,0.78052026,15
7596,0.85569096,33,0.77626115,12
7597,0.8897144,33,0.8147834,11
7598,0.86307555,32,0.7853949,11
7599,0.863713,32,0.78321886,14
7600,0.8803313,34,0.8029222,9
7602,0.87010765,33,0.7929109,10
7603,0.8801229,34,0.80461377,24
7604,0.87753975,42,0.8000916,10
7605,0.8804885,39,0.80361885,11
7606,0.8657556,34,0.7906692,10
7607,0.84452987,33,0.76459366,12
7608,0.89217055,36,0.8173459,12
7609,0.86483765,33,0.7877357,16
7610,0.8845222,66,0.8085854,15
7611,0.87610114,33,0.79828644,20
7612,0.8704618,35,0.7933502,16
7613,0.8822987,32,0.80692285,10
7614,0.8653299,32,0.78705907,11
7615,0.85742766,33,0.77933455,12
7616,0.82513064,33,0.74399036,10
7617,0.86026853,32,0.7821436,18
7618,0.8384198,34,0.7582121,11
7619,0.8672182,34,0.7911923,11
7621,0.83851933,33,0.7591872,12
7624,0.86089194,33,0.78573745,20
7625,0.8463161,34,0.7680754,10
7626,0.8478019,33,0.7662176,12
7627,0.8703143,35,0.79299426,17
7628,0.86147153,34,0.78282493,12
7629,0.8547296,70,0.7762332,12
7631,0.8866775,33,0.8119347,10
7632,0.8802573,33,0.8040086,15
7633,0.86203116,32,0.7815133,16
7634,0.8689011,44,0.7891587,12
7635,0.84791213,33,0.7673738,12
7636,0.8441963,32,0.7656344,10
7637,0.88305545,34,0.80688334,15
7638,0.8706566,34,0.7940947,13
7640,0.84847283,34,0.7699522,13
7641,0.8476279,34,0.76793116,17
7642,0.8535102,39,0.7767812,10
7643,0.868045,34,0.78926086,10
7644,0.88592225,44,0.810248,9
7646,0.86919636,43,0.79028946,10
7647,0.8467142,32,0.7654437,13
7648,0.86260253,44,0.78496766,10
7649,0.88836855,34,0.8131211,11
7650,0.855588,31,0.7765978,12
7651,0.86671376,33,0.78826183,10
7652,0.85246646,33,0.77394146,18
7654,0.864732,34,0.78874934,9
7655,0.83040065,33,0.7503204,11
7656,0.858541,34,0.78255,13
7657,0.84909153,46,0.77113026,10
7659,0.84831035,31,0.76795673,11
7660,0.89346135,33,0.81858,12
7661,0.8318982,35,0.75273097,13
7662,0.8579261,34,0.7815991,10
7664,0.8562154,32,0.7776191,10
7665,0.8644471,33,0.7872367,10
7667,0.8457147,38,0.7661037,12
7669,0.8750874,33,0.79826736,12
7670,0.84428585,34,0.7644803,10
7671,0.8496234,33,0.77196556,9
7672,0.862145,68,0.7834367,15
7673,0.8878343,35,0.8121815,11
7674,0.8785585,33,0.8018719,10
7675,0.8812181,38,0.80474627,12
7676,0.8676423,34,0.788562,17
7677,0.8341784,33,0.75581324,11
7678,0.8700079,34,0.79183656,10
7679,0.8501883,33,0.7709652,10
7680,0.86479497,32,0.7857566,13
7681,0.83308667,34,0.7529248,10
7682,0.86838704,33,0.7900487,12
7683,0.8785341,36,0.80169123,11
7686,0.86133724,33,0.78408325,11
7687,0.85508543,36,0.77442896,13
7688,0.8530843,33,0.7786737,12
7689,0.8284597,33,0.748225,12
7690,0.8644128,33,0.78786623,19
7691,0.8667437,32,0.7883497,14
7692,0.86193806,34,0.7835355,11
7694,0.8802311,34,0.8034528,12
7696,0.87808424,33,0.8006611,14
7697,0.86450756,34,0.78585684,11
7698,0.86790717,50,0.79006255,15
7699,0.8549398,34,0.7764168,11
7701,0.8608688,90,0.78219175,10
7702,0.8808176,33,0.8045287,14
7703,0.82885873,51,0.75191724,12
7704,0.8420389,33,0.7667919,9
7705,0.8475313,32,0.7673298,17
7706,0.8743721,33,0.7977929,12
7707,0.8479599,34,0.7682423,11
7710,0.882748,31,0.80673397,17
7711,0.87911534,46,0.8028841,14
7713,0.86125326,33,0.78381264,17
7714,0.86448383,34,0.78850883,12
7715,0.8396265,33,0.75888526,12
7716,0.84108543,44,0.7612356,10
7717,0.8909831,32,0.81600416,13
7718,0.8763175,33,0.80038905,10
7719,0.8770665,33,0.80022025,11
7720,0.8766773,33,0.7998982,13
7721,0.867055,41,0.7909253,17
7722,0.8703687,34,0.79202276,16
7723,0.8615117,33,0.78394306,17
7724,0.8905436,33,0.815615,10
7725,0.859176,34,0.77954906,12
7726,0.8629971,43,0.7850605,9
7728,0.8889778,34,0.81352234,14
7729,0.8531544,48,0.7737262,11
7731,0.8705431,33,0.7926079,11
7732,0.86412674,33,0.7860707,10
7736,0.88117087,33,0.80484486,12
7737,0.86437273,33,0.78616583,12
7738,0.86359286,35,0.7854634,9
7739,0.8508446,34,0.7712103,12
7740,0.86979604,33,0.79218864,11
7741,0.8606626,31,0.7833651,13
7742,0.8839049,34,0.8076595,9
7743,0.8583517,34,0.7798801,10
7745,0.8339667,34,0.7515882,12
7746,0.84844595,33,0.7691173,9
7748,0.86267257,50,0.7853184,15
7749,0.8409653,34,0.7589568,12
7751,0.8741357,33,0.796421,15
7752,0.8472043,33,0.76742285,13
7753,0.87660784,38,0.80001116,10
7754,0.8692231,33,0.7926425,10
7756,0.8429514,42,0.7633103,11
7757,0.8754502,34,0.79787177,13
7758,0.8416556,37,0.7614355,14
7759,0.83632344,33,0.75335765,13
7760,0.88138473,33,0.80491847,11
7761,0.86110926,33,0.78270686,24
7762,0.87193745,34,0.7943809,15
7763,0.8405481,33,0.7604024,10
7769,0.8635773,33,0.78438294,10
7770,0.8659285,38,0.78892326,9
7771,0.8616764,30,0.7837335,10
7772,0.88893306,34,0.8140261,15
7773,0.87460613,34,0.7973092,11
7774,0.88639975,34,0.81164515,10
7775,0.8650531,38,0.78828895,11
7777,0.8630751,32,0.7877956,11
7780,0.86237043,41,0.7845632,12
7782,0.8686861,34,0.79076934,19
7783,0.8661942,44,0.7895627,11
7784,0.8413059,34,0.7613432,12
7785,0.860319,33,0.7838173,10
7786,0.87195903,32,0.7964002,9
7787,0.8585675,33,0.7810116,15
7788,0.8706045,31,0.7935376,10
7789,0.8674238,34,0.7890813,10
7792,0.86872554,34,0.7908039,10
7793,0.8451364,51,0.76992446,13
7795,0.8541227,33,0.7750855,12
7799,0.8737761,33,0.7973276,10
7800,0.84193313,33,0.76191604,16
7801,0.84006363,40,0.7592063,12
7802,0.8655927,33,0.78755826,10
7803,0.85981584,34,0.7825148,10
7804,0.8583199,34,0.7789936,11
7805,0.8375366,32,0.7584686,10
7806,0.850814,32,0.7699833,11
7807,0.8769912,33,0.79988456,11
7808,0.88730365,34,0.81157064,15
7809,0.86591977,32,0.78992593,17
7811,0.87380636,35,0.79622316,10
7812,0.84532285,52,0.76409936,11
7813,0.8614225,33,0.784696,14
7815,0.88016725,32,0.8037965,14
7816,0.84303,54,0.7639934,12
7817,0.8521716,33,0.7736137,15
7818,0.8789245,40,0.80219424,12
7819,0.86773944,32,0.7911017,16
7820,0.85011965,44,0.7727685,15
7821,0.83968246,30,0.75849783,13
7822,0.86255276,33,0.7845052,10
7823,0.85943574,33,0.7801579,14
7824,0.8773266,32,0.8012121,9
7825,0.8788378,34,0.8023293,14
7826,0.883457,33,0.80766845,10
7828,0.8822291,32,0.8060808,13
7830,0.87433934,33,0.79646415,13
7831,0.87333184,32,0.7953305,10
7832,0.85153687,34,0.77205586,13
7833,0.8606842,31,0.78211915,14
7834,0.8362276,34,0.7567053,11
7835,0.8310028,34,0.7506219,9
7837,0.8723837,33,0.7950961,12
7838,0.8710419,34,0.7934605,10
7839,0.845996,33,0.7690145,10
7840,0.84572786,35,0.76984656,10
7841,0.8577742,49,0.7775059,14
7842,0.8745134,34,0.7973182,12
7844,0.8452668,30,0.76786286,14
7846,0.88422465,34,0.8090518,9
7848,0.8585736,33,0.7809779,10
7849,0.8552952,33,0.77688783,10
7851,0.8758362,32,0.7990309,10
7852,0.8584432,31,0.7812058,10
7853,0.8816855,40,0.80745363,10
7854,0.8631895,32,0.7845569,12
7856,0.84498566,33,0.76585746,11
7858,0.9017098,55,0.82855123,10
7861,0.86831605,33,0.78960264,16
7862,0.87577075,38,0.7983488,9
7863,0.86117566,50,0.78473115,12
7865,0.87233126,32,0.79511833,10
7867,0.87003195,33,0.7926496,13
7868,0.8647832,33,0.7871945,13
7869,0.8732511,33,0.79697275,12
7872,0.846604,37,0.7675559,10
7873,0.8734044,47,0.79570127,12
7874,0.84498906,32,0.764065,12
7875,0.86656106,33,0.7882273,10
7878,0.8792592,34,0.8023963,10
7879,0.8763504,33,0.8010555,9
7880,0.83862215,48,0.7614254,19
7883,0.8809191,34,0.8052491,12
7884,0.8537828,34,0.77475893,11
7885,0.87817115,41,0.8015503,10
7886,0.8901267,34,0.81545186,11
7887,0.8829426,34,0.8071327,9
7888,0.85710806,33,0.77983797,10
7889,0.8828181,34,0.80563515,15
7890,0.84465104,34,0.76669335,14
7891,0.8673311,34,0.7889392,10
7892,0.8629627,39,0.7834623,12
7893,0.8691571,32,0.7918576,12
7894,0.8686812,33,0.79060924,15
7895,0.8640984,32,0.78880465,10
7896,0.87411,71,0.7964317,33
7897,0.881176,33,0.804681,10
7898,0.87523466,35,0.79779613,10
7899,0.87982345,33,0.8029587,11
7901,0.88534206,31,0.8098608,28
7902,0.8416761,33,0.76406676,11
7903,0.84758747,34,0.77039397,11
7904,0.86770314,33,0.79085135,10
7906,0.84939355,33,0.768872,11
7907,0.8409229,34,0.7622653,15
7908,0.8848727,51,0.8098271,12
7909,0.8740152,32,0.79813886,11
7910,0.82968736,34,0.74871045,17
7912,0.8340502,31,0.75536525,11
7913,0.8700761,32,0.79416496,11
7915,0.85403764,34,0.7752039,13
7916,0.88818,33,0.8132657,13
7917,0.85168475,33,0.77104294,11
7918,0.87552536,34,0.7982785,10
7919,0.84653014,32,0.76651764,11
7920,0.8763906,33,0.7996439,19
7921,0.8708509,34,0.7938711,12
7923,0.86751246,33,0.7933092,9
7925,0.8444987,32,0.765908,14
7926,0.8847616,31,0.80915016,12
7927,0.8541548,33,0.7753139,13
7928,0.8750863,33,0.79870844,10
7929,0.86185825,51,0.78444546,10
7930,0.8862776,33,0.81123227,10
7931,0.8662824,33,0.789892,12
7933,0.8598772,33,0.78233886,11
7935,0.8816009,34,0.8065828,9
7936,0.8472363,32,0.7692016,13
7939,0.8788317,33,0.8020306,13
7940,0.85642457,33,0.77687705,15
7941,0.86589473,45,0.7880056,12
7942,0.88015187,38,0.8034813,10
7944,0.853789,34,0.7746326,12
7945,0.86521685,46,0.7875119,13
7946,0.86284125,33,0.78545773,15
7947,0.8380228,34,0.7590179,11
7948,0.88377476,32,0.8082374,10
7951,0.87266934,32,0.79576296,12
7952,0.88832116,33,0.81309617,11
7953,0.8448836,34,0.7645686,25
7954,0.87535495,34,0.79796803,10
7955,0.8467275,33,0.76494277,10
7956,0.85759544,34,0.7789506,13
7957,0.84933543,34,0.76926845,13
7958,0.85964966,33,0.78196776,16
7959,0.88076466,34,0.80446327,10
7961,0.8654427,34,0.78804624,11
7962,0.8380398,33,0.75692964,19
7963,0.8754119,34,0.79759616,12
7964,0.84369993,33,0.7653216,11
7967,0.8885466,33,0.8135092,16
7969,0.83427775,33,0.7545843,12
7970,0.850792,82,0.77050936,24
7972,0.8473312,33,0.76952565,10
7973,0.88361967,33,0.8080284,11
7975,0.8638168,43,0.7860998,11
7976,0.8507476,32,0.76999784,9
7977,0.86295295,51,0.7857827,32
7980,0.84902567,47,0.7699123,10
7981,0.85830444,59,0.77936554,12
7983,0.8743648,32,0.79705435,16
7984,0.87702715,35,0.8016792,12
7985,0.88486516,34,0.80998677,12
7986,0.89633435,33,0.82259285,15
7987,0.8548685,32,0.77375805,18
7988,0.8643199,41,0.7873695,14
7990,0.8585352,33,0.7797723,11
7991,0.85727113,33,0.77717227,10
7992,0.8661568,32,0.7874613,10
7993,0.8592199,33,0.78135455,10
7994,0.8715993,32,0.79579437,18
7995,0.87733287,30,0.8000152,22
7996,0.8682732,34,0.790538,12
7997,0.87097204,50,0.7944263,12
7998,0.8444319,48,0.764836,10
7999,0.8420619,34,0.76113904,17
8000,0.85859907,34,0.78082705,10
8001,0.8577013,54,0.77993,15
8002,0.8513757,33,0.77175665,12
8004,0.8723955,34,0.794989,12
8008,0.8729606,33,0.7953242,16
8009,0.8506766,33,0.77282757,11
8010,0.8813454,33,0.80564725,15
8012,0.85097915,39,0.7726841,10
8013,0.84021115,33,0.7610771,16
8014,0.8702195,33,0.79301506,10
8015,0.85877204,33,0.77922744,18
8016,0.8807529,34,0.80389786,12
8018,0.8528209,33,0.7753721,12
8019,0.84012926,34,0.7598778,14
8021,0.8552533,35,0.7785137,11
8022,0.84740365,34,0.76895535,9
8023,0.8742681,33,0.797251,15
8024,0.85141575,55,0.7707139,16
8026,0.8693905,33,0.792263,15
8027,0.86728156,42,0.79044235,9
8028,0.8153229,33,0.73428047,11
8029,0.89190733,32,0.81737936,16
8030,0.85558033,33,0.777997,11
8032,0.8595538,32,0.78130877,10
8033,0.8707456,59,0.79332876,10
8035,0.87209016,34,0.79453886,18
8036,0.86161673,32,0.78406286,11
8037,0.870926,59,0.79426503,16
8038,0.8616837,33,0.7822222,15
8040,0.870147,33,0.79238653,18
8041,0.8730413,32,0.7959583,18
8042,0.8802391,32,0.80349606,12
8043,0.882843,34,0.8068688,11
8044,0.8724345,33,0.79686517,13
8045,0.8842996,32,0.8085574,17
8047,0.8645402,32,0.78578764,11
8048,0.87251884,33,0.79713047,18
8049,0.8552055,33,0.7773385,13
8050,0.8721427,32,0.79433227,10
8051,0.888635,33,0.8139385,13
8052,0.83600837,33,0.7555419,11
8054,0.8488243,32,0.76677334,10
8056,0.8517525,37,0.7720599,13
8057,0.8826228,34,0.8075862,15
8058,0.8693373,62,0.7912823,24
8059,0.83786243,33,0.75939363,12
8060,0.85097563,57,0.77098787,17
8061,0.8509489,38,0.77167374,11
8062,0.83236456,33,0.7547107,13
8063,0.8437538,79,0.7628772,19
8064,0.8744463,33,0.79625326,10
8065,0.85117817,33,0.7733763,11
8066,0.86155343,41,0.78373384,12
8067,0.8454123,32,0.76608497,11
8068,0.86536074,33,0.78739727,10
8069,0.85014284,34,0.7712835,11
8071,0.8519538,33,0.7744717,10
8072,0.8707562,55,0.7936981,35
8073,0.870242,32,0.7932745,13
8074,0.86752105,32,0.78977513,17
8075,0.8789781,33,0.80263674,13
8076,0.8587907,52,0.780777,12
8077,0.85916305,33,0.7804003,10
8078,0.88456106,33,0.8087414,17
8079,0.8593368,35,0.7823534,10
8080,0.87376136,34,0.79618526,10
8081,0.8642942,32,0.7871978,11
8082,0.8450051,34,0.7658894,16
8084,0.8643963,34,0.78839684,14
8085,0.83542657,33,0.7538994,10
8086,0.8397516,50,0.7610119,15
8087,0.84949046,33,0.768837,11
8088,0.85515916,33,0.77632695,11
8089,0.8704494,33,0.79345995,10
8090,0.8435714,32,0.76566505,12
8091,0.87681913,34,0.8000319,12
8092,0.8742284,33,0.79651546,14
8095,0.8754903,34,0.79863524,10
8096,0.8541033,32,0.7741672,14
8097,0.85215104,42,0.7730712,13
8098,0.8584006,34,0.78048474,11
8100,0.84717685,33,0.7686306,10
8101,0.8328833,97,0.7516588,34
8102,0.8739916,32,0.79873586,10
8103,0.8649909,33,0.786971,10
8104,0.8399098,33,0.7622136,11
8105,0.8339128,34,0.7545703,16
8108,0.8711405,32,0.79424703,10
8109,0.8780037,86,0.80090225,22
8110,0.8502057,33,0.77052045,13
8111,0.8755541,34,0.7989054,13
8112,0.8711809,33,0.79348665,10
8113,0.8772652,35,0.8008928,10
8114,0.84830385,32,0.7694144,16
8115,0.8438106,33,0.7622842,11
8118,0.85100466,34,0.77357113,13
8120,0.86152256,33,0.78321755,11
8121,0.87831205,32,0.8004896,16
8122,0.8673938,34,0.78786683,12
8123,0.8475857,30,0.7693356,9
8124,0.8939591,32,0.8196625,10
8126,0.86983067,33,0.7936263,12
8127,0.8448105,33,0.7649803,13
8128,0.84276855,33,0.76252645,15
8131,0.8675386,34,0.78756595,11
8132,0.8527911,51,0.77659965,13
8134,0.8361667,33,0.7537897,13
8136,0.84027374,35,0.75997454,10
8137,0.82991254,33,0.7495848,15
8138,0.8569555,33,0.7780316,13
8140,0.88237894,33,0.8068615,11
8142,0.8540745,33,0.7754952,9
8145,0.8693443,33,0.7906769,16
8146,0.89071095,45,0.8156394,17
8147,0.87694955,34,0.8000437,13
8149,0.85740674,34,0.77945995,10
8150,0.8633426,34,0.7867444,17
8151,0.8565287,33,0.77845365,11
8152,0.8662456,45,0.78759915,22
8153,0.87222695,33,0.79530877,10
8155,0.87438005,65,0.7972652,10
8156,0.88308036,34,0.80661947,11
8157,0.8807018,31,0.8045939,13
8158,0.84694946,33,0.76812166,10
8159,0.8531518,34,0.7737147,11
8161,0.8627069,35,0.7848414,12
8162,0.85405904,33,0.77441674,10
8163,0.85901535,32,0.7809152,22
8165,0.8736682,36,0.7981534,10
8166,0.8776001,33,0.8017516,11
8167,0.8489456,34,0.7695098,10
8168,0.8666643,54,0.7906852,16
8169,0.87437296,33,0.7962444,12
8170,0.84740186,33,0.76710075,9
8171,0.8798087,33,0.80395067,9
8172,0.8861418,34,0.8101387,16
8174,0.8539214,33,0.7754759,13
8175,0.8751612,50,0.7979623,29
8178,0.8416857,33,0.76182795,28
8179,0.8730003,38,0.7954035,14
8180,0.8687062,33,0.7918173,14
8181,0.85050637,33,0.77005154,10
8182,0.8419045,33,0.76405656,11
8184,0.86634266,34,0.78789395,9
8185,0.87177235,34,0.79417104,10
8186,0.8741395,34,0.7973261,10
8187,0.8580283,52,0.78072023,10
8188,0.8857204,34,0.8096504,13
8189,0.8702127,33,0.79354525,9
8190,0.8739912,33,0.7965101,12
8191,0.8502083,45,0.7706027,20
8192,0.86753476,32,0.791414,10
8193,0.8569894,53,0.7778474,10
8194,0.8808746,33,0.8045217,16
8195,0.85859746,33,0.78036326,24
8196,0.8746919,55,0.79719627,16
8197,0.8387618,43,0.75625825,11
8198,0.8702344,33,0.7938987,9
8199,0.86659503,33,0.7934977,11
8200,0.8543967,77,0.7759224,18
8201,0.84801435,55,0.7687994,13
8202,0.84784436,34,0.7671194,14
8205,0.851202,33,0.7707636,11
8206,0.8750347,32,0.7984492,11
8207,0.8585845,32,0.7791705,12
8208,0.84650356,37,0.76632005,11
8209,0.88546616,34,0.810392,16
8210,0.8671409,34,0.78899723,11
8211,0.8654153,34,0.7898405,12
8214,0.8719101,32,0.794346,14
8215,0.87207127,33,0.79389954,13
8216,0.8622853,34,0.78466964,11
8217,0.8471674,33,0.76934946,11
8218,0.8655375,33,0.78838265,10
8219,0.87269986,43,0.7946454,10
8220,0.88634276,33,0.81039107,14
8221,0.84531176,52,0.7648396,11
8222,0.8806459,34,0.8057922,12
8224,0.86861074,34,0.7926359,11
8225,0.85213923,33,0.7725849,13
8226,0.88297814,32,0.8067707,13
8227,0.8365703,33,0.7562673,10
8228,0.8890871,35,0.8136648,14
8229,0.8587879,34,0.7793391,14
8230,0.8557122,33,0.77871835,14
8231,0.8514657,34,0.77070296,11
8233,0.8672674,34,0.790027,11
8234,0.8522854,31,0.7752464,10
8235,0.8575673,32,0.7781595,11
8236,0.83619696,35,0.7584617,15
8238,0.861457,33,0.7817453,12
8239,0.89695513,32,0.82263607,13
8240,0.85943305,43,0.77868634,11
8241,0.83114135,50,0.7495745,19
8243,0.84549826,34,0.76706505,13
8245,0.856307,34,0.77829206,11
8246,0.8401826,34,0.7609817,9
8247,0.8734119,31,0.7954532,10
8249,0.85215056,33,0.7746001,11
8251,0.87491006,34,0.79859,9
8252,0.8720724,35,0.79243547,11
8253,0.8706992,45,0.79184186,12
8254,0.86980796,33,0.7924078,9
8256,0.8346735,33,0.7554971,13
8259,0.8482127,34,0.768093,9
8260,0.85026073,33,0.77123106,9
8261,0.8653928,33,0.78824794,12
8263,0.87258005,33,0.7952062,14
8265,0.8468877,33,0.7713178,11
8266,0.87544763,31,0.79859066,13
8267,0.87510264,34,0.7968873,14
8268,0.88331246,34,0.80744505,9
8269,0.8698516,42,0.79187113,13
8271,0.86990416,34,0.7951247,10
8272,0.8645537,37,0.789808,13
8274,0.87141657,34,0.7960478,13
8275,0.85263586,30,0.7752115,12
8276,0.8595425,33,0.7828493,17
8277,0.8535198,33,0.7767706,15
8279,0.84632945,33,0.7674834,13
8280,0.87744725,33,0.8012039,11
8282,0.8821348,48,0.8058678,16
8283,0.8559923,33,0.77794707,10
8284,0.8654679,34,0.7870796,12
8286,0.86619985,33,0.7898394,10
8287,0.8511125,42,0.7724965,10
8288,0.8656216,32,0.78746414,18
8289,0.8811242,33,0.8042214,13
8290,0.8364807,49,0.75515187,12
8291,0.86758393,34,0.79069185,11
8292,0.85603726,34,0.7798841,10
8293,0.87743294,33,0.8001849,13
8294,0.8839335,34,0.80768794,18
8295,0.86691034,31,0.78796613,17
8296,0.8950965,34,0.820691,12
8297,0.8557854,32,0.77831936,13
8299,0.8435076,33,0.7635778,14
8300,0.8497821,33,0.7689407,13
8301,0.83867514,39,0.7616547,10
8303,0.8825813,33,0.8062464,12
8304,0.84837735,33,0.7690585,13
8305,0.878518,32,0.80147535,14
8306,0.8723357,35,0.79460907,10
8308,0.86686456,33,0.7895308,16
8309,0.8756709,33,0.79803705,10
8310,0.86496323,33,0.78659695,12
8311,0.825729,32,0.74461293,10
8313,0.88786685,33,0.81258816,10
8314,0.88174844,33,0.80512637,21
8316,0.8189571,42,0.73807687,11
8317,0.8626369,40,0.7865118,13
8318,0.8282801,32,0.7456063,17
8319,0.84302205,33,0.7665725,10
8322,0.8580649,38,0.7794284,14
8323,0.8727836,60,0.7953856,25
8324,0.8833102,32,0.806912,19
8325,0.87645656,33,0.7996786,9
8326,0.8874574,34,0.8119621,9
8327,0.8455102,33,0.7648138,11
8328,0.87721914,34,0.800862,11
8329,0.86029637,34,0.7817346,23
8330,0.8362724,32,0.7572596,12
8331,0.8787986,34,0.8011237,16
8333,0.8503294,34,0.77110004,10
8334,0.8719256,33,0.795019,12
8335,0.8821846,33,0.8050266,11
8336,0.85128903,33,0.7698097,10
8337,0.8670317,34,0.7917172,10
8338,0.8691747,33,0.7925486,10
8339,0.8607018,34,0.7837291,11
8341,0.85923934,33,0.77948046,11
8344,0.8808298,31,0.8040231,12
8345,0.86045575,33,0.78299767,11
8346,0.8410677,34,0.759713,12
8347,0.8744963,34,0.7972332,9
8348,0.87367284,37,0.7986858,14
8349,0.872185,33,0.7941877,10
8350,0.8516352,41,0.7738189,14
8351,0.865848,33,0.7883347,13
8352,0.8438693,33,0.7648307,13
8353,0.8687458,46,0.7904249,12
8354,0.8440098,34,0.76375175,10
8355,0.8623538,34,0.78350127,11
8356,0.85330236,31,0.77167237,10
8357,0.8899193,33,0.81492627,12
8358,0.88164675,31,0.8051863,11
8359,0.8376796,33,0.75712156,11
8360,0.8262652,34,0.74564105,12
8361,0.8500281,32,0.77249223,16
8363,0.8699159,33,0.7936219,11
8364,0.8914854,35,0.8168852,16
8365,0.8445652,34,0.7657405,14
8366,0.84949625,34,0.76896995,12
8367,0.8593137,33,0.7831429,11
8368,0.86221963,51,0.78287435,13
8369,0.8536256,32,0.7739303,11
8371,0.87014717,33,0.7931349,15
8374,0.86705136,34,0.78944224,16
8375,0.83392334,43,0.75552934,10
8377,0.8771467,33,0.7998539,14
8378,0.87879133,33,0.80242884,16
8379,0.84126717,39,0.7630792,11
8380,0.84133697,33,0.76577574,11
8381,0.8405263,33,0.76076704,9
8382,0.84923357,33,0.7687714,12
8383,0.87963676,33,0.8035281,10
8384,0.8806792,32,0.8052867,10
8385,0.8477105,33,0.7678943,10
8386,0.8435192,36,0.7676275,10
8387,0.89086413,34,0.81600666,12
8389,0.8556402,31,0.7766778,11
8390,0.871552,33,0.7941618,28
8394,0.85411537,34,0.77862823,19
8395,0.87430906,45,0.7969213,22
8396,0.84316456,31,0.76365566,9
8397,0.8516472,45,0.77258277,10
8398,0.8778649,52,0.8002008,10
8399,0.8407377,37,0.7599554,11
8400,0.8528234,34,0.7730262,10
8401,0.8642573,33,0.7847924,11
8402,0.83550024,33,0.7542957,15
8403,0.8749267,33,0.79797935,13
8405,0.8461878,34,0.7654657,11
8406,0.8640152,46,0.78604364,10
8407,0.8912204,33,0.81645995,10
8409,0.8489671,49,0.76890653,13
8410,0.86621976,43,0.7875712,11
8414,0.87959486,33,0.80374587,13
8415,0.8714694,31,0.7949169,9
8420,0.85023236,32,0.76867586,10
8421,0.8620732,33,0.7858902,12
8422,0.8502661,39,0.7734026,11
8423,0.8481391,34,0.76840925,12
8425,0.8898546,34,0.8152655,10
8426,0.8323777,32,0.75309366,11
8427,0.86116296,33,0.78299844,19
8428,0.8452959,34,0.7654,17
8429,0.85036427,33,0.7720634,14
8430,0.86732936,32,0.7908352,13
8433,0.8416911,33,0.76277494,11
8434,0.8589312,33,0.78021026,9
8435,0.8397309,33,0.7606745,12
8436,0.88941705,91,0.81437206,21
8437,0.85635877,47,0.778185,20
8438,0.8608204,32,0.78307515,11
8439,0.8201048,34,0.7383157,10
8441,0.8601444,34,0.7826623,13
8442,0.86708105,35,0.78929746,18
8443,0.8794955,34,0.8029671,12
8444,0.86735535,34,0.7913044,10
8446,0.8570449,36,0.77932376,11
8447,0.8589541,33,0.78057885,11
8448,0.87575126,34,0.7980348,14
8449,0.881476,33,0.8054143,10
8451,0.8728584,51,0.7961234,11
8452,0.8539478,32,0.7749834,10
8453,0.88909477,34,0.8139923,11
8454,0.87238204,33,0.7954816,13
8455,0.8663561,32,0.78998065,11
8456,0.8370977,32,0.7572043,14
8458,0.8649039,33,0.78853714,9
8459,0.8964273,34,0.82269526,9
8461,0.867116,32,0.7902914,11
8464,0.89135724,34,0.817538,10
8465,0.86376846,33,0.7867198,11
8466,0.8551973,34,0.7766851,10
8468,0.84421766,34,0.76432127,11
8470,0.85895455,34,0.78144133,16
8471,0.86572576,33,0.7891165,12
8472,0.8391227,33,0.75999403,10
8473,0.8548937,33,0.77928126,13
8474,0.86019564,33,0.78172445,14
8475,0.8493904,34,0.7687031,10
8476,0.84345317,33,0.7634036,10
8477,0.8774971,34,0.80051374,11
8478,0.8790579,71,0.8026844,22
8479,0.84975266,35,0.77083886,12
8480,0.8343886,40,0.75460684,10
8481,0.83701193,34,0.7551218,20
8482,0.8571613,33,0.7793393,27
8485,0.849005,51,0.7720094,11
8487,0.8494468,83,0.7696336,22
8488,0.872507,47,0.79622984,18
8489,0.8464098,34,0.7672374,12
8491,0.8382244,34,0.75705665,11
8492,0.8928965,33,0.81849486,11
8493,0.85260653,33,0.77256984,15
8494,0.8864577,33,0.8116548,12
8495,0.8582914,34,0.778348,14
8496,0.8414715,33,0.76110655,9
8497,0.83551717,34,0.75349987,23
8498,0.8881847,32,0.8138621,15
8499,0.8508047,32,0.7713222,12
8500,0.8533654,34,0.77655816,11
8503,0.8534989,49,0.77474916,18
8504,0.8752246,32,0.7990701,14
8505,0.8685322,34,0.79171646,12
8506,0.8689761,35,0.7909446,12
8507,0.88528985,34,0.81021047,10
8508,0.8632214,34,0.78570276,14
8509,0.8505472,31,0.77231973,15
8510,0.86055946,33,0.78432906,14
8512,0.84767073,34,0.7682104,13
8513,0.8480562,33,0.7692352,13
8514,0.8624323,32,0.78378296,10
8515,0.85289884,33,0.77382696,13
8516,0.8851116,32,0.8093429,13
8517,0.8574405,50,0.7797264,10
8518,0.8596659,32,0.7803916,10
8520,0.8475483,33,0.76843154,14
8521,0.88504577,33,0.8096762,17
8522,0.86187273,33,0.78205127,11
8525,0.85390776,33,0.777124,15
8526,0.85943884,32,0.780908,11
8529,0.8522845,37,0.77393293,9
8530,0.8892346,33,0.8138583,20
8531,0.85849655,32,0.7803495,19
8532,0.8628838,32,0.78262854,11
8535,0.87991476,36,0.80312824,12
8538,0.8598849,33,0.78312635,14
8542,0.84771174,55,0.767824,12
8543,0.8507107,32,0.7721553,20
8544,0.85047543,34,0.7705847,10
8545,0.8395316,33,0.760257,10
8546,0.8480125,34,0.76688784,9
8547,0.84107095,33,0.7626423,10
8549,0.8448546,33,0.76514167,11
8550,0.8631138,32,0.7858679,12
8551,0.8669865,34,0.7877219,13
8552,0.8475177,33,0.7680812,11
8553,0.85749465,34,0.7807249,10
8554,0.8525155,34,0.7754567,11
8556,0.88615793,35,0.8115651,10
8557,0.8742296,34,0.79641056,13
8558,0.87920237,33,0.80343175,10
8560,0.8756409,32,0.79953086,11
8561,0.89048165,55,0.8156332,14
8562,0.88425636,33,0.8087293,12
8563,0.84419364,33,0.76586694,12
8565,0.8458909,33,0.76424336,12
8566,0.866942,50,0.7887639,19
8568,0.86172783,34,0.7814627,12
8572,0.84812427,32,0.7694372,16
8573,0.84580624,32,0.7653661,10
8575,0.8712294,33,0.7943405,9
8576,0.8576634,49,0.77814686,12
8577,0.8978324,34,0.8242153,9
8578,0.88682616,31,0.81139636,14
8579,0.8312286,33,0.7505209,14
8580,0.87076426,33,0.7921526,11
8581,0.8715301,35,0.7951533,10
8582,0.86964554,33,0.7917416,10
8583,0.8561581,34,0.7779043,11
8584,0.8366772,33,0.75530124,10
8585,0.8467334,34,0.76741374,12
8586,0.87675476,33,0.7996681,12
8587,0.8685306,33,0.7902961,15
8588,0.84523684,34,0.7671387,10
8590,0.86122406,33,0.7823315,11
8591,0.8872659,33,0.8118446,11
8592,0.86394227,34,0.7857177,15
8593,0.86495084,32,0.7877463,10
8594,0.87930137,34,0.8031736,14
8595,0.8396213,33,0.75761724,12
8596,0.871508,88,0.7942767,39
8597,0.85845256,32,0.7798931,12
8598,0.8489493,37,0.7685245,10
8600,0.8829368,41,0.8063582,15
8601,0.8732306,57,0.795222,10
8602,0.88000095,37,0.80393624,10
8603,0.849107,43,0.76851696,11
8604,0.8622047,31,0.78603977,10
8605,0.8859431,35,0.8108088,11
8606,0.88010836,43,0.8037236,15
8607,0.88486487,32,0.8093337,10
8609,0.8712851,37,0.7933116,10
8611,0.877444,33,0.8001173,12
8613,0.8437074,34,0.76582766,12
8614,0.8647419,48,0.78740025,27
8615,0.8728938,33,0.79666173,13
8616,0.85280454,33,0.77369416,9
8618,0.8606304,33,0.78296626,12
8619,0.88708395,34,0.8123638,9
8621,0.86028326,56,0.7825016,9
8622,0.8636012,31,0.7882142,12
8623,0.8593391,36,0.7818413,11
8624,0.8564639,34,0.777419,14
8625,0.86529535,86,0.7884375,18
8628,0.8499732,33,0.7711789,13
8629,0.8802135,31,0.80432546,10
8630,0.88535047,33,0.8114167,11
8631,0.85042274,85,0.7714437,18
8632,0.8481606,33,0.767949,12
8633,0.89125544,34,0.8164315,11
8635,0.8576361,33,0.7781739,14
8636,0.8668598,33,0.790175,12
8637,0.8673554,33,0.78959525,11
8638,0.8606549,32,0.7817353,9
8640,0.8502726,34,0.7708788,16
8641,0.8756355,33,0.7985045,11
8642,0.8248064,34,0.74369204,11
8643,0.854202,33,0.777594,14
8644,0.87743443,33,0.800583,12
8646,0.84340787,32,0.7644644,10
8647,0.86724865,34,0.7897355,10
8648,0.85091877,33,0.7701231,12
8649,0.8804104,35,0.8038403,10
8650,0.83917886,32,0.7606175,16
8652,0.84804845,65,0.7683037,12
8653,0.8257194,38,0.74681425,10
8654,0.87991536,32,0.80327773,13
8655,0.86713827,34,0.788639,10
8657,0.8639775,57,0.7867352,17
8658,0.88301444,37,0.8077263,13
8659,0.843541,33,0.7633289,11
8660,0.85379225,55,0.7752337,10
8661,0.8497444,33,0.7703005,10
8663,0.87590164,32,0.798923,12
8664,0.8312977,33,0.75277674,10
8665,0.8825872,34,0.8067001,15
8667,0.8641441,32,0.7870674,11
8668,0.8617119,33,0.7856182,10
8669,0.8579513,32,0.7815928,12
8670,0.868453,33,0.7910286,12
8671,0.8651787,33,0.78686726,13
8672,0.87543476,34,0.79967594,10
8673,0.86015964,34,0.7834517,11
8674,0.82172334,48,0.7424854,17
8676,0.82438755,33,0.74602175,20
8677,0.8361024,51,0.75481915,9
8678,0.88407826,33,0.80856574,14
8679,0.85350645,34,0.77406263,13
8680,0.8955573,34,0.8213954,14
8683,0.8509807,39,0.7732886,16
8684,0.84731704,33,0.7674527,12
8685,0.85171396,34,0.77120435,13
8687,0.8451872,34,0.76949203,14
8689,0.8588234,34,0.7792344,10
8691,0.86260474,32,0.78329104,11
8692,0.8721732,33,0.7941618,23
8693,0.8364662,33,0.7573627,12
8694,0.8358562,34,0.75551385,18
8695,0.8643775,48,0.78646004,14
8696,0.8755462,39,0.7984795,10
8698,0.8841535,33,0.8083756,10
8700,0.8675441,33,0.7890273,16
8701,0.8655892,48,0.7869588,14
8702,0.8647013,33,0.78633237,11
8704,0.8496599,36,0.76924926,9
8705,0.8717636,33,0.7942706,11
8708,0.8758682,32,0.79973257,11
8709,0.8719665,34,0.7943477,10
8710,0.8851634,64,0.8095529,34
8711,0.890816,33,0.8162133,9
8713,0.8670438,64,0.7882314,11
8714,0.86838895,32,0.791003,9
8717,0.8665775,33,0.7910481,19
8718,0.87745994,34,0.80021185,9
8719,0.84253335,34,0.76439434,14
8720,0.8894764,35,0.8143182,12
8722,0.8615604,33,0.7829536,10
8723,0.889588,33,0.81431305,14
8724,0.87862736,32,0.8021201,15
8725,0.84681857,33,0.7667419,13
8726,0.8847809,33,0.808797,15
8727,0.87077343,50,0.7936536,13
8729,0.8609488,48,0.7844175,14
8730,0.8544022,45,0.7760445,10
8731,0.849058,34,0.7699455,10
8732,0.86419386,34,0.7869774,11
8733,0.8540714,35,0.77694714,10
8734,0.85418373,41,0.77577055,10
8735,0.8745575,33,0.79863685,13
8736,0.8541204,34,0.77618915,13
8738,0.8924652,34,0.81849945,11
8739,0.84608096,33,0.7668819,13
8740,0.87825835,31,0.80190426,10
8741,0.8682247,33,0.791119,17
8742,0.8411567,34,0.7612193,15
8743,0.8374536,33,0.7574092,11
8744,0.8671452,35,0.7914165,12
8746,0.8673238,33,0.79021645,10
8748,0.84940875,43,0.77067924,10
8749,0.8509187,33,0.7711824,14
8750,0.8573705,34,0.77722746,11
8751,0.85477054,34,0.7772899,10
8752,0.866505,34,0.78721344,10
8753,0.8913646,34,0.8164706,10
8754,0.87524647,33,0.7977433,12
8755,0.87276006,88,0.7979838,39
8756,0.88955057,32,0.8147312,10
8757,0.8638837,33,0.7851789,12
8758,0.85041577,33,0.77191657,14
8759,0.85517853,32,0.7745166,9
8760,0.85839593,33,0.77928704,12
8762,0.8442795,31,0.7664257,10
8763,0.8307626,33,0.75131655,15
8764,0.8773798,34,0.80137193,14
8765,0.82782817,34,0.74789965,15
8766,0.8381788,32,0.7584282,10
8768,0.84758437,33,0.76879275,13
8770,0.86570287,32,0.78878725,16
8771,0.87090844,40,0.7942224,11
8772,0.8612898,33,0.7840103,14
8774,0.86267114,49,0.7850821,14
8775,0.87976307,32,0.8039587,12
8776,0.8670032,33,0.79002917,11
8778,0.8610215,34,0.7826622,10
8779,0.8644639,36,0.7878982,12
8780,0.8818375,32,0.80640227,10
8781,0.87143534,56,0.79275155,13
8782,0.8556189,32,0.7781742,12
8783,0.8879116,33,0.8128183,11
8784,0.8485201,34,0.76982665,16
8785,0.835268,33,0.7564931,13
8786,0.85923386,35,0.7814911,12
8788,0.8725259,32,0.79506254,16
8789,0.8644848,32,0.7868416,12
8790,0.8746353,34,0.7981876,11
8791,0.859827,31,0.7814889,14
8792,0.83997,33,0.76176816,14
8794,0.8598799,33,0.7811149,11
8795,0.83921254,41,0.75902045,10
8796,0.8704601,32,0.7926011,11
8797,0.87029934,57,0.79233676,10
8799,0.86532205,34,0.7862668,9
8800,0.8660681,34,0.79029787,10
8802,0.88077825,33,0.8043053,10
8803,0.8718451,32,0.7939601,12
8804,0.865454,33,0.7869406,19
8805,0.8530096,32,0.7784314,21
8806,0.8718211,33,0.7943005,20
8807,0.8644371,33,0.7863141,9
8808,0.8464669,34,0.76523626,15
8810,0.85925853,38,0.7800246,10
8811,0.8542238,33,0.777936,16
8813,0.8324197,33,0.75027263,12
8814,0.8761695,34,0.7980385,11
8815,0.8866018,32,0.81096923,10
8816,0.88492495,34,0.8090362,14
8817,0.89111143,33,0.8160749,10
8818,0.8686791,32,0.79152745,12
8819,0.86292684,34,0.78258586,19
8820,0.8259268,34,0.7451421,10
8821,0.86535454,33,0.7887228,10
8822,0.8637315,32,0.78551596,13
8825,0.8719946,34,0.7942578,11
8826,0.8459766,72,0.76489925,28
8827,0.884711,33,0.80861115,11
8828,0.8549348,33,0.7765498,14
8829,0.84161764,95,0.7606918,12
8830,0.86641514,34,0.7879922,15
8833,0.8735621,57,0.79591894,13
8834,0.87254655,34,0.7965698,14
8835,0.8590932,33,0.78020155,11
8837,0.84994906,47,0.7713895,11
8838,0.85762256,35,0.78077865,15
8840,0.8867794,33,0.8115806,13
8842,0.8543287,33,0.77624655,10
8843,0.8699012,56,0.7934699,25
8845,0.8458055,34,0.7665033,14
8846,0.85212564,34,0.7733269,17
8849,0.84575003,33,0.7648711,10
8851,0.8447467,32,0.7645393,9
8852,0.8740138,34,0.79817593,11
8853,0.8642343,34,0.7868953,11
8855,0.8726809,32,0.7957065,11
8856,0.8555161,32,0.7762389,10
8858,0.88085735,33,0.8045022,10
8859,0.83608043,32,0.7545437,12
8860,0.88241494,33,0.80680686,12
8861,0.87901986,34,0.80194783,12
8862,0.8578077,33,0.78072,13
8863,0.88572055,35,0.8100018,12
8865,0.8569484,32,0.7779939,18
8866,0.8697598,33,0.7916226,10
8868,0.8512873,34,0.7724098,10
8869,0.85830534,37,0.77970266,10
8870,0.8497052,32,0.7713364,12
8871,0.88604987,32,0.81085694,12
8872,0.8670119,34,0.7896163,13
8873,0.84292793,34,0.76282054,10
8874,0.84388363,34,0.7627419,12
8875,0.85518616,36,0.7765552,16
8876,0.88139755,33,0.80481344,15
8877,0.8814467,34,0.8063611,10
8878,0.8579644,34,0.77918845,13
8879,0.8769434,45,0.8021016,14
8881,0.847307,33,0.7681206,11
8883,0.86898315,33,0.79191005,16
8885,0.8582758,33,0.7813212,9
8887,0.86843306,34,0.7907191,11
8888,0.8478815,35,0.7680863,9
8889,0.8570928,33,0.77827346,10
8890,0.8723943,53,0.796265,16
8891,0.83770174,33,0.76007986,11
8892,0.86924624,31,0.791185,12
8893,0.8648574,33,0.7877593,10
8894,0.8611688,33,0.7829381,12
8895,0.8375653,34,0.7581563,10
8896,0.8701647,33,0.7942449,13
8897,0.8423235,33,0.7630825,14
8900,0.8470306,34,0.7681986,17
8902,0.88479185,33,0.808761,12
8903,0.8605336,33,0.7821968,16
8904,0.8440661,48,0.76439905,16
8905,0.8442174,33,0.7668791,16
8906,0.8547586,31,0.77609885,12
8907,0.8808918,33,0.8048255,11
8909,0.8571192,34,0.77939016,15
8910,0.86788,31,0.790478,16
8911,0.8652582,55,0.7883132,16
8912,0.8640992,32,0.7875616,9
8913,0.84434897,67,0.7624464,23
8914,0.8678705,34,0.78948796,11
8915,0.8694658,34,0.79257107,13
8916,0.87583476,34,0.79871094,13
8918,0.8331108,56,0.7556317,16
8920,0.8538467,32,0.77427423,14
8923,0.87965953,33,0.80345094,12
8924,0.8731915,33,0.79622185,15
8926,0.8545227,32,0.7737339,13
8928,0.8547653,33,0.7738981,12
8929,0.86563516,34,0.78723717,10
8930,0.88682413,33,0.811088,12
8931,0.8728694,33,0.79636216,9
8932,0.86947036,34,0.7910158,9
8933,0.86392736,33,0.78630555,11
8934,0.856786,33,0.7782419,14
8935,0.85221493,33,0.7714319,11
8937,0.86221683,34,0.78394663,10
8938,0.8618334,42,0.7852631,10
8940,0.8489312,30,0.76995754,13
8942,0.8427991,33,0.7628331,11
8944,0.8442293,33,0.76637,13
8945,0.8825817,33,0.8061919,15
8946,0.89239746,34,0.81816494,18
8948,0.84474754,33,0.76363647,16
8949,0.86818314,35,0.7913753,11
8950,0.8490155,34,0.7718388,10
8952,0.8572153,35,0.7807609,10
8953,0.85918057,33,0.77860904,12
8954,0.8443302,35,0.7681759,18
8955,0.8344505,34,0.7559035,12
8956,0.8439995,33,0.7627082,11
8957,0.8442364,34,0.76412255,13
8959,0.84026384,31,0.76042616,20
8960,0.8827987,45,0.8062781,14
8961,0.8742753,34,0.7987837,10
8962,0.8230933,33,0.74231255,11
8963,0.8637885,34,0.78693354,13
8964,0.85068727,33,0.7710365,10
8965,0.86072975,33,0.78204083,12
8967,0.8543872,32,0.774741,12
8968,0.87332356,32,0.795702,10
8969,0.89823264,33,0.82443506,13
8970,0.8784539,32,0.80235195,14
8972,0.8654976,31,0.7869169,14
8973,0.8517198,34,0.77323234,10
8974,0.89026153,35,0.8162372,11
8976,0.8835656,33,0.8072299,20
8977,0.85179794,35,0.771085,11
8978,0.86892486,33,0.79057413,12
8979,0.88523996,38,0.8106582,11
8980,0.84449714,32,0.7673828,15
8981,0.86664855,33,0.78848207,22
8983,0.87832355,34,0.80254054,12
8984,0.8379927,33,0.76105887,17
8985,0.8609034,31,0.78229374,10
8986,0.8501589,37,0.76966846,10
8987,0.84482926,55,0.7629516,16
8988,0.87208045,33,0.7943152,14
8989,0.85235995,33,0.7736462,10
8990,0.86495525,47,0.78619504,11
8992,0.8853775,33,0.80935407,11
8994,0.855337,34,0.77843666,11
8995,0.8749479,33,0.7987969,10
8997,0.87288654,32,0.7953398,12
8998,0.86106676,34,0.78366864,13
8999,0.8452481,34,0.7637994,9
9000,0.86133325,55,0.7833903,11
9001,0.852192,34,0.77180636,22
9003,0.8596884,33,0.7817577,13
9004,0.836179,32,0.7571111,10
9005,0.8481637,34,0.77005804,9
9006,0.8551665,50,0.7756953,17
9007,0.8329299,33,0.75363564,10
9008,0.85139173,32,0.7726157,11
9009,0.8839581,34,0.8079915,10
9010,0.86965835,31,0.7923975,10
9011,0.85971844,37,0.78136563,14
9012,0.88471705,31,0.8082822,23
9013,0.8735452,33,0.7955346,13
9014,0.87277675,34,0.7947649,14
9016,0.85431135,33,0.77464366,18
9017,0.84543663,34,0.77027977,23
9018,0.85364866,33,0.77552354,14
9020,0.8581411,39,0.7801623,14
9022,0.8789376,32,0.8020369,9
9025,0.8775063,34,0.800388,10
9026,0.8676419,33,0.78983784,11
9027,0.8749497,32,0.7977644,15
9028,0.8702254,65,0.7916272,14
9031,0.8848584,34,0.80931073,10
9032,0.89028513,34,0.815042,24
9033,0.87723386,47,0.8017078,10
9034,0.8723496,88,0.79462045,15
9035,0.857991,33,0.7790986,28
9037,0.85306823,38,0.7738724,14
9038,0.8514057,34,0.772901,12
9039,0.87760735,34,0.80106294,13
9041,0.89166236,34,0.81729317,10
9042,0.8500718,37,0.7717215,11
9044,0.859761,36,0.78146017,12
9045,0.8423101,32,0.7636156,10
9047,0.83761865,44,0.75978315,10
9048,0.8663938,33,0.78762877,12
9050,0.86664957,59,0.7888243,17
9052,0.8620349,34,0.7830875,15
9053,0.86969036,33,0.7928073,11
9055,0.867087,33,0.79026294,9
9056,0.8514929,30,0.7738183,11
9057,0.848616,33,0.76999533,15
9058,0.8819284,33,0.80509305,10
9059,0.8419168,32,0.76312554,10
9060,0.8624946,34,0.78343195,10
9061,0.8892998,33,0.81415987,9
9063,0.8579054,74,0.7790438,25
9064,0.83782446,33,0.75852346,12
9065,0.87446785,33,0.7989406,11
9066,0.842263,34,0.76295507,9
9067,0.8453474,43,0.76877797,10
9068,0.8554979,70,0.7765487,24
9069,0.848585,34,0.7706115,13
9070,0.87655044,34,0.79994047,10
9071,0.8681536,31,0.79169047,19
9072,0.8678386,32,0.78802794,11
9073,0.8484094,34,0.77076924,17
9074,0.87665075,55,0.79991364,10
9075,0.87006646,48,0.79241735,23
9076,0.86589,32,0.78657365,10
9078,0.8590377,34,0.7825161,11
9079,0.88754207,44,0.8129038,11
9082,0.8794579,32,0.803926,10
9083,0.8731069,33,0.7956282,10
9084,0.8909269,34,0.81662494,12
9086,0.8593513,33,0.7807145,14
9088,0.85721457,34,0.77875865,10
9089,0.8835474,33,0.8082169,12
9090,0.87568617,34,0.7980952,11
9091,0.85333467,45,0.77616656,10
9092,0.84553003,34,0.7644678,13
9093,0.86740863,33,0.79055464,12
9094,0.87837106,35,0.80199885,10
9095,0.86439645,34,0.78697264,10
9096,0.8711348,34,0.79329336,14
9097,0.8661496,33,0.7884133,22
9098,0.87602735,41,0.7994488,11
9100,0.85834,32,0.77892554,10
9101,0.86222446,33,0.7867801,11
9102,0.8599323,32,0.7815764,12
9103,0.83845353,33,0.7590124,10
9105,0.85744774,36,0.7793451,9
9106,0.8720883,34,0.79448223,16
9107,0.89736986,56,0.82358944,10
9108,0.8617048,33,0.7829075,9
9109,0.8661487,32,0.7885861,11
9110,0.85513604,32,0.7762037,13
9112,0.8581641,34,0.77918375,22
9113,0.8361887,40,0.7584503,10
9114,0.8893992,33,0.81417066,12
9115,0.8521582,36,0.7755619,13
9116,0.8614895,32,0.78266895,10
9117,0.85314333,33,0.77429664,11
9118,0.8543867,33,0.77736783,10
9119,0.8800392,33,0.80545473,12
9120,0.8488819,46,0.7699451,21
9121,0.87383497,34,0.7963179,13
9123,0.8506901,34,0.7717606,12
9125,0.82449305,33,0.7430863,15
9127,0.8562777,33,0.7789184,17
9128,0.88325584,33,0.8075426,11
9130,0.86427057,33,0.7851527,10
9131,0.8795124,33,0.802898,11
9132,0.8460783,33,0.76568615,10
9133,0.87629104,34,0.7982222,10
9134,0.8775556,34,0.8001442,13
9135,0.87891734,34,0.8036368,13
9137,0.8546381,34,0.7765466,10
9138,0.85235035,33,0.77145684,10
9139,0.87735045,33,0.8004998,11
9140,0.8764787,56,0.8001014,15
9141,0.87961286,59,0.80300677,10
9142,0.8441744,92,0.76336086,29
9143,0.84382915,33,0.76534325,10
9145,0.85187685,45,0.771526,10
9147,0.86028415,32,0.7814928,13
9150,0.8301971,34,0.7523516,12
9151,0.8612348,31,0.7830357,14
9152,0.8762076,33,0.79929453,10
9153,0.852258,34,0.7716452,17
9155,0.8708123,47,0.7933194,10
9157,0.8745679,34,0.7986394,12
9158,0.85866356,34,0.78146243,15
9159,0.8449604,33,0.7657866,18
9160,0.8796603,32,0.8032131,9
9162,0.8397895,34,0.7598115,13
9163,0.849509,38,0.7702808,12
9165,0.8519732,34,0.7738801,11
9166,0.87991714,37,0.8043742,12
9167,0.8391901,80,0.7615633,20
9168,0.88378835,34,0.8078476,10
9169,0.84096396,34,0.76113135,11
9170,0.87294257,33,0.79622525,12
9171,0.8556815,34,0.7767325,10
9172,0.8479098,31,0.7692827,12
9174,0.8430203,34,0.7616401,10
9175,0.861521,33,0.78186363,10
9176,0.8509836,33,0.7707175,13
9177,0.8473836,33,0.7714243,10
9179,0.8493178,34,0.7707599,19
9180,0.8501559,34,0.77252614,18
9181,0.87982625,34,0.8028745,15
9183,0.86287344,33,0.7831237,13
9184,0.8629851,31,0.7832888,9
9185,0.8803899,34,0.8056085,11
9186,0.8531703,44,0.77372056,11
9187,0.86506355,37,0.78654397,26
9188,0.8639793,34,0.78703326,10
9190,0.8542104,33,0.77587104,10
9191,0.841179,31,0.7597736,13
9192,0.83385503,34,0.7557019,11
9193,0.8542573,36,0.7799028,18
9194,0.88265383,41,0.80565214,11
9197,0.8923462,33,0.81778413,12
9198,0.86621344,34,0.7883856,13
9202,0.86016935,33,0.78153986,13
9203,0.8738004,33,0.7954175,13
9204,0.888098,34,0.81346303,15
9205,0.8437667,35,0.76415807,14
9206,0.86061186,33,0.7845802,13
9207,0.8702884,33,0.79244494,12
9208,0.86454606,34,0.7849529,12
9209,0.85169613,33,0.77227986,12
9210,0.88323194,37,0.8068784,10
9211,0.869219,33,0.7923207,12
9212,0.8814455,44,0.80531114,13
9213,0.8663449,68,0.78797066,22
9214,0.8919338,33,0.817649,10
9215,0.81996167,32,0.73954827,13
9216,0.8825059,32,0.8072152,14
9217,0.8322488,35,0.75087553,21
9218,0.8502688,33,0.77068126,13
9219,0.8523764,33,0.77490467,21
9220,0.84972554,33,0.7708155,11
9221,0.86973196,34,0.79248166,12
9222,0.8497875,43,0.7688042,16
9223,0.8615722,33,0.78257155,12
9224,0.87741107,34,0.80056334,14
9225,0.84335244,34,0.76345575,13
9226,0.8601577,34,0.7817725,12
9227,0.8613479,37,0.7832723,9
9228,0.87657154,33,0.7995187,10
9229,0.8298058,33,0.7503274,15
9230,0.861281,33,0.7844114,10
9231,0.8431577,47,0.7631473,10
9232,0.8812187,33,0.80495125,12
9234,0.86314553,48,0.78479075,14
9235,0.87251365,32,0.79549444,14
9236,0.85988915,32,0.78382087,20
9239,0.83569276,50,0.75429004,15
9240,0.8727174,53,0.7955905,16
9241,0.85701966,34,0.77906466,10
9242,0.8625541,34,0.78401875,10
9243,0.8732976,34,0.7952547,14
9245,0.84304273,34,0.76280594,12
9246,0.8508583,34,0.7720017,9
9247,0.8453734,52,0.7656511,11
9248,0.8589331,34,0.77957404,13
9249,0.8861271,32,0.8105114,12
9250,0.8261581,31,0.7461426,9
9251,0.8782451,32,0.8025123,17
9252,0.888024,34,0.81281614,10
9253,0.884768,32,0.8091793,13
9254,0.8694892,34,0.7931564,12
9255,0.88393736,33,0.80909204,11
9256,0.8315584,33,0.75278926,10
9257,0.8627736,41,0.7833627,12
9258,0.83651435,52,0.75663686,13
9259,0.85827065,33,0.7840269,15
9260,0.8402584,33,0.7601438,10
9261,0.8682344,33,0.7898504,15
9262,0.86520255,47,0.786672,16
9263,0.8711784,33,0.7929315,13
9266,0.84496284,35,0.7665993,11
9268,0.8821906,32,0.8067794,17
9269,0.8897249,33,0.81449664,9
9270,0.84165597,33,0.76139665,18
9271,0.8852235,34,0.80955094,14
9273,0.86961305,47,0.7917119,13
9275,0.82343066,34,0.743347,15
9276,0.87482005,33,0.7983153,10
9277,0.8660373,33,0.78820485,9
9278,0.8515196,34,0.77181846,11
9280,0.87098396,34,0.7940585,12
9282,0.8608387,35,0.78410745,14
9283,0.8775298,37,0.8012192,13
9284,0.8745556,32,0.7971739,13
9288,0.85323423,34,0.77498174,16
9289,0.88392514,34,0.807786,10
9290,0.8743669,32,0.7976851,12
9291,0.85849595,57,0.7810137,24
9292,0.8703633,34,0.79201496,9
9293,0.850264,34,0.7710668,12
9294,0.86254215,34,0.784567,10
9295,0.85320747,34,0.77396494,10
9296,0.88127995,32,0.8058634,18
9297,0.859678,32,0.7811223,18
9298,0.8735941,48,0.79614884,11
9299,0.8447727,35,0.7660274,13
9300,0.8598519,33,0.7818389,12
9301,0.8813515,34,0.8057883,14
9302,0.8599893,34,0.7817093,17
9303,0.8691665,58,0.79254234,16
9304,0.8520369,32,0.77326363,16
9305,0.83438206,34,0.75585574,12
9307,0.8701364,34,0.7931209,14
9309,0.86993563,33,0.792154,11
9310,0.87007433,38,0.79262024,12
9311,0.86077654,33,0.78202033,12
9312,0.88556415,34,0.80965525,12
9313,0.88237435,34,0.8064467,10
9315,0.8703395,32,0.79329395,13
9316,0.8479909,32,0.7696511,15
9317,0.85056734,54,0.7716098,16
9318,0.87594646,54,0.7988895,13
9319,0.85717404,34,0.77885026,10
9321,0.85600036,32,0.7765833,10
9322,0.8776788,33,0.80259675,10
9323,0.84509546,32,0.76658463,12
9324,0.8531641,42,0.7737055,9
9327,0.88436043,48,0.8083006,12
9328,0.87956756,33,0.8035132,11
9329,0.8434914,34,0.76280427,11
9330,0.8337358,33,0.75599337,10
9331,0.85455424,34,0.7746989,11
9333,0.8788811,34,0.8027441,11
9334,0.84757864,82,0.766889,15
9335,0.8546333,33,0.7751558,10
9337,0.84588325,58,0.76526463,11
9339,0.8492863,33,0.7695025,12
9341,0.86260474,38,0.7859441,11
9342,0.85333925,34,0.7753489,21
9343,0.872328,34,0.79614806,13
9344,0.85820824,34,0.78069544,10
9345,0.8612305,34,0.7825017,15
9347,0.8791271,32,0.8021327,13
9348,0.88906854,34,0.8143728,10
9349,0.84255224,35,0.7626352,11
9350,0.8832783,33,0.80678946,12
9353,0.8959172,33,0.82195485,12
9354,0.8580972,33,0.7786522,13
9356,0.87848467,33,0.80162823,15
9357,0.88381857,34,0.8082333,10
9358,0.8870774,32,0.8120355,10
9359,0.8542963,40,0.7744492,12
9360,0.8580748,33,0.7800416,11
9361,0.8544327,55,0.7780727,20
9362,0.8519092,35,0.77477336,10
9365,0.85493404,60,0.77715576,15
9366,0.8658713,33,0.78814805,10
9367,0.8493221,45,0.7740314,11
9368,0.8403715,31,0.7636493,15
9369,0.8795061,45,0.8030665,16
9370,0.8933945,34,0.8188567,14
9371,0.88670456,44,0.8113415,9
9372,0.88517636,33,0.80926144,10
9373,0.86896026,35,0.7901563,9
9374,0.8608829,32,0.7849602,14
9375,0.88241357,32,0.8061734,9
9376,0.844159,34,0.7653996,14
9377,0.8874873,34,0.8123714,15
9379,0.86349344,34,0.7855649,11
9380,0.85172206,43,0.7739753,10
9381,0.88183665,33,0.80620414,11
9382,0.8668068,47,0.78976303,10
9385,0.8687823,33,0.79172397,13
9386,0.85975003,33,0.78343666,11
9387,0.8846258,33,0.80942667,10
9388,0.88665545,33,0.81121105,14
9389,0.86660135,33,0.78843313,20
9390,0.8470212,34,0.76928174,11
9391,0.8813621,33,0.8043233,10
9392,0.85953534,33,0.77978957,10
9393,0.8371644,32,0.75637615,10
9394,0.8679805,32,0.79007053,12
9395,0.83750284,33,0.7544122,10
9396,0.86283386,34,0.7840648,10
9397,0.8347108,32,0.75260633,19
9398,0.87666845,55,0.7988518,11
9399,0.87317914,41,0.795503,15
9400,0.86877346,47,0.7918525,10
9402,0.8649542,33,0.78845626,15
9403,0.8389776,33,0.75876635,12
9404,0.8653725,33,0.7882972,10
9405,0.85878515,32,0.77982825,12
9406,0.830588,32,0.75264835,10
9407,0.88319504,46,0.8078698,13
9408,0.8472252,33,0.76950455,10
9409,0.84362054,32,0.76286364,14
9412,0.88986194,74,0.81475365,20
9414,0.87694967,33,0.80083,9
9415,0.87614304,58,0.80006564,24
9416,0.8672096,33,0.7896686,11
9417,0.8448498,33,0.7654121,12
9419,0.8702733,33,0.79304993,18
9420,0.84804416,33,0.76817024,17
9421,0.8711824,33,0.7942792,11
9422,0.8406308,33,0.759871,10
9423,0.85758156,41,0.7778183,15
9424,0.8695102,41,0.79218376,10
9425,0.8524548,42,0.77246785,14
9426,0.87364006,60,0.7967955,19
9427,0.8442081,32,0.76337075,11
9428,0.8514938,35,0.7736478,14
9430,0.87253463,34,0.79509586,12
9431,0.8491925,34,0.7681902,10
9432,0.84497553,34,0.76636696,15
9433,0.8712814,33,0.7941258,15
9434,0.8745075,33,0.79885554,15
9435,0.85387045,32,0.7742322,12
9437,0.872928,34,0.7952839,10
9438,0.8838433,32,0.80668503,9
9439,0.8811121,33,0.8041871,11
9440,0.8615925,64,0.78227097,17
9441,0.84334236,34,0.7647517,9
9443,0.87321055,32,0.79624474,12
9445,0.87900454,33,0.8022047,15
9446,0.8669714,54,0.789843,13
9448,0.88011414,43,0.8051809,16
9449,0.8821627,38,0.80728287,11
9450,0.871274,33,0.79336023,13
9451,0.8619916,30,0.78252906,10
9452,0.86426795,33,0.78682464,11
9453,0.8790165,34,0.8034359,18
9454,0.841054,31,0.76074314,12
9455,0.86151946,39,0.7826966,13
9456,0.86422694,37,0.787158,11
9457,0.86540574,37,0.7860458,11
9460,0.8615362,33,0.78402716,9
9461,0.8724449,33,0.79505086,10
9462,0.86694777,44,0.7881489,15
9463,0.8743074,34,0.79709333,13
9464,0.8629013,33,0.78490335,16
9465,0.8674046,36,0.789147,15
9466,0.85096455,33,0.7710906,13
9468,0.8727995,33,0.7943089,10
9469,0.8845701,34,0.80889755,10
9470,0.86953986,32,0.79153544,13
9472,0.86103404,34,0.78295827,10
9473,0.86603886,33,0.7888133,11
9474,0.87090415,36,0.7925733,15
9475,0.851658,33,0.7725067,11
9476,0.88012815,34,0.8050053,13
9477,0.85301495,33,0.7747071,12
9478,0.8706188,33,0.792776,11
9479,0.83049476,33,0.7508807,29
9480,0.8528508,34,0.7750447,18
9481,0.84999454,34,0.77116513,9
9483,0.8705995,32,0.79450107,11
9484,0.8638147,33,0.7843579,10
9485,0.8283901,34,0.7484031,10
9486,0.8643607,36,0.78738594,16
9487,0.8620055,33,0.7847688,12
9488,0.86767024,34,0.79128516,11
9490,0.8431923,32,0.76146483,10
9492,0.8373113,55,0.7560884,20
9493,0.8610296,34,0.78291965,24
9495,0.8416317,33,0.76253706,14
9496,0.8542459,34,0.7748216,11
9497,0.86029124,67,0.7817334,14
9499,0.8368741,40,0.75788915,10
9500,0.8431058,33,0.763391,15
9501,0.84594804,33,0.76966226,12
9502,0.84393173,32,0.7638581,10
9503,0.8690329,32,0.7915061,12
9504,0.86604786,34,0.7874993,12
9505,0.8550572,32,0.7756946,11
9506,0.8587353,41,0.78027827,10
9507,0.86627054,34,0.7886281,10
9508,0.873225,34,0.7961532,9
9509,0.8483454,33,0.77016026,16
9510,0.8358677,54,0.75667554,15
9511,0.873463,33,0.7967565,15
9512,0.8563728,33,0.77889717,11
9513,0.8763975,33,0.7998458,37
9515,0.8785966,32,0.8020124,10
9516,0.8468269,33,0.7665932,23
9517,0.8690494,35,0.79201704,12
9518,0.8897575,41,0.814965,9
9519,0.8581934,33,0.7781805,10
9521,0.8807589,34,0.8054467,10
9522,0.8510569,34,0.77157044,11
9523,0.8455237,33,0.7668721,15
9524,0.8779744,33,0.8011937,17
9525,0.83292747,33,0.75485677,10
9526,0.8663479,45,0.788093,13
9527,0.8901597,34,0.8150534,16
9528,0.869787,34,0.7920468,10
9529,0.86468595,39,0.78628314,10
9530,0.857597,34,0.7822672,10
9531,0.8394845,32,0.75873834,11
9532,0.8483252,34,0.76777315,10
9533,0.8813269,33,0.8046932,13
9534,0.88114774,40,0.8043621,12
9535,0.8528559,33,0.7724946,17
9536,0.87504077,33,0.79854333,10
9537,0.8542887,33,0.7762126,15
9538,0.8561971,33,0.7756532,13
9541,0.85258627,33,0.77468586,11
9542,0.8516424,44,0.7720181,12
9543,0.85284597,34,0.77727056,11
9544,0.8692422,33,0.7918464,16
9545,0.8837291,75,0.8077041,16
9546,0.85197043,33,0.7740139,14
9547,0.8323954,34,0.75413775,10
9548,0.8575844,34,0.7793224,20
9549,0.85180193,45,0.772191,20
9550,0.84249187,41,0.76295614,9
9551,0.87285507,33,0.7952223,15
9552,0.870756,42,0.795036,11
9553,0.8722532,34,0.79558295,11
9554,0.85563684,65,0.77798885,22
9555,0.86470443,34,0.7859062,10
9556,0.8330236,49,0.7551042,12
9557,0.89181125,34,0.8172915,9
9558,0.84315306,33,0.7627067,11
9559,0.891042,33,0.8163321,13
9560,0.8441834,32,0.76491404,12
9561,0.87894386,33,0.8028461,12
9562,0.85324174,32,0.77344424,10
9564,0.8427685,33,0.76260966,15
9565,0.88513935,39,0.8093567,10
9566,0.8715732,33,0.7942653,16
9567,0.8697208,32,0.7918709,10
9568,0.8427416,37,0.7640586,10
9571,0.8478359,49,0.7676547,10
9572,0.8492261,36,0.7687873,20
9573,0.87303203,32,0.7956985,15
9574,0.8662006,34,0.7872281,10
9575,0.886834,33,0.8110087,12
9576,0.84504014,32,0.7637024,15
9577,0.85753566,33,0.7788291,9
9582,0.8717668,33,0.79532635,10
9583,0.8526236,77,0.77360344,32
9584,0.8545007,32,0.7774962,10
9585,0.8721358,34,0.7943853,12
9586,0.87607896,33,0.8005056,18
9587,0.8464987,33,0.76785386,10
9588,0.8625976,30,0.78407615,10
9589,0.8791619,36,0.802798,15
9590,0.8525224,33,0.7746257,14
9591,0.876756,33,0.80082166,14
9592,0.872526,34,0.7941408,32
9593,0.82682276,34,0.7468333,12
9595,0.88621527,34,0.8104533,11
9596,0.8753318,34,0.7981729,12
9598,0.85542774,34,0.77709776,11
9599,0.848458,34,0.7679106,10
9600,0.8535914,33,0.774426,10
9601,0.8655353,34,0.7871173,10
9602,0.8466151,32,0.76771075,13
9604,0.8617315,34,0.78409165,10
9605,0.83364475,84,0.7535374,32
9606,0.8533567,33,0.77567154,15
9607,0.85596234,32,0.7766117,16
9608,0.8646019,34,0.7868439,11
9609,0.85950434,33,0.78147054,16
9610,0.8349354,33,0.75561666,10
9611,0.88423973,49,0.8095418,15
9612,0.82172877,32,0.7407451,16
9613,0.8731633,33,0.79561,12
9614,0.8504976,34,0.771296,9
9615,0.85581625,33,0.77697957,12
9618,0.85282844,33,0.7720088,12
9619,0.8713348,34,0.795862,12
9620,0.83907384,35,0.75929314,15
9621,0.8587788,40,0.77999455,10
9623,0.8513248,52,0.77114713,16
9624,0.8461119,32,0.76904905,11
9625,0.87972206,32,0.8026871,12
9627,0.8586198,52,0.77950484,25
9628,0.87503004,33,0.7972728,12
9630,0.8476831,33,0.77044904,12
9631,0.87090695,32,0.7936914,11
9632,0.87575096,34,0.7982731,11
9633,0.86840457,32,0.7902697,12
9634,0.85032487,33,0.77275467,13
9635,0.8468909,36,0.7671627,15
9636,0.8491118,32,0.772961,13
9637,0.8874426,34,0.8118238,15
9638,0.8917876,32,0.8177242,12
9639,0.8426032,51,0.76118916,12
9640,0.85237205,32,0.77175593,15
9641,0.87116337,34,0.79423213,10
9642,0.8712958,33,0.7938291,16
9643,0.8854573,35,0.8098072,10
9645,0.8481384,34,0.7677686,12
9646,0.85189354,33,0.7721149,19
9647,0.8666973,99,0.78796846,20
9648,0.84049606,34,0.7591396,14
9649,0.8536359,55,0.7747086,13
9650,0.87387645,34,0.7976573,12
9651,0.86589193,33,0.7893354,14
9652,0.84408367,33,0.7656472,15
9653,0.85575384,33,0.77616465,11
9654,0.86878,33,0.78953445,12
9655,0.886184,34,0.8112158,16
9656,0.8422828,46,0.76187295,10
9657,0.84136856,33,0.7619502,10
9658,0.84978044,38,0.7686244,10
9659,0.85066026,41,0.7720864,14
9660,0.8704088,69,0.79372746,28
9661,0.8561804,33,0.77696747,16
9662,0.86577594,33,0.78768116,10
9663,0.83771527,34,0.75628746,16
9665,0.8581195,33,0.78131914,11
9667,0.87035596,33,0.79307735,12
9668,0.84737325,34,0.7660193,9
9670,0.87378716,33,0.7962623,10
9671,0.87336624,41,0.79575324,9
9672,0.8520254,62,0.77370656,16
9673,0.8275809,33,0.7475356,10
9674,0.82692534,33,0.7485262,17
9675,0.8796952,33,0.80276877,10
9676,0.8609558,34,0.78466636,10
9677,0.86666703,33,0.79044884,14
9679,0.8634733,33,0.78538966,12
9680,0.8624824,59,0.7841736,19
9681,0.87055564,37,0.79184437,13
9683,0.85932314,33,0.77997226,13
9684,0.86956865,50,0.79331106,10
9685,0.8671254,33,0.7888913,13
9686,0.84924924,33,0.77178574,27
9687,0.85049284,31,0.77299523,11
9688,0.8717583,90,0.79482377,10
9689,0.8571934,45,0.77915436,11
9690,0.8785515,34,0.80188644,13
9691,0.85420907,32,0.7740432,15
9692,0.86929214,33,0.7934364,11
9693,0.8608247,33,0.78183126,14
9694,0.8759911,40,0.79860634,9
9695,0.8840624,34,0.8087663,10
9698,0.86397374,32,0.78569126,14
9699,0.8723449,39,0.7947616,12
9701,0.85113275,34,0.77121854,18
9702,0.8411974,33,0.7610922,11
9703,0.8472516,33,0.7672598,14
9704,0.8865866,32,0.8108409,11
9705,0.878201,33,0.8012131,10
9706,0.86689997,34,0.7894828,14
9707,0.88889545,31,0.8134859,10
9708,0.83753675,34,0.75700283,11
9709,0.85028887,33,0.7705878,11
9710,0.89269483,60,0.81841135,13
9711,0.85128784,32,0.77571404,12
9712,0.84108317,34,0.76138437,13
9714,0.83732325,38,0.7580351,11
9715,0.84876865,33,0.7695596,10
9716,0.8757638,32,0.79817426,13
9717,0.8656419,34,0.78714716,16
9718,0.8498143,34,0.7702424,12
9719,0.8660379,33,0.7882202,10
9720,0.8290427,50,0.7507161,14
9723,0.8423564,46,0.76154524,10
9725,0.8473245,34,0.768042,18
9729,0.84911096,33,0.7681258,11
9730,0.8590998,34,0.78143615,11
9731,0.84895015,33,0.77013844,11
9732,0.8656366,33,0.7880211,12
9733,0.87052983,34,0.79328954,11
9736,0.8808952,38,0.8043331,10
9737,0.85656583,32,0.77641845,13
9738,0.8503427,31,0.7727915,16
9739,0.85515773,34,0.776829,10
9740,0.85802877,34,0.77858335,10
9741,0.8291568,34,0.747722,14
9742,0.8620587,35,0.78450453,9
9743,0.88899666,33,0.8139039,16
9744,0.8528399,36,0.77498025,9
9745,0.8479148,33,0.76894706,11
9746,0.8508343,34,0.7725436,10
9747,0.8810626,48,0.8057287,14
9748,0.83581924,34,0.7550335,10
9749,0.8736391,34,0.79520893,25
9751,0.8505011,33,0.76935554,15
9752,0.87647045,33,0.79929423,20
9753,0.8568228,33,0.7778798,12
9754,0.8479117,42,0.7688868,10
9755,0.84228855,32,0.7627781,13
9756,0.8431135,46,0.7643794,14
9757,0.8671813,33,0.78995293,14
9758,0.8540763,33,0.7752344,15
9760,0.87617004,34,0.7985771,10
9762,0.8728235,34,0.7949784,12
9764,0.8480412,38,0.76853526,10
9765,0.8529304,33,0.77418756,12
9766,0.87729174,33,0.8005152,11
9767,0.86521435,35,0.78757286,10
9768,0.8624493,33,0.7841472,10
9769,0.8605823,34,0.78124213,13
9771,0.8537883,34,0.77515733,12
9772,0.85095084,33,0.7713178,15
9773,0.87071234,33,0.79293966,14
9776,0.8550838,51,0.77559453,9
9778,0.877796,33,0.802454,10
9779,0.8653051,32,0.78894365,11
9780,0.8376744,55,0.75662225,15
9781,0.88587576,34,0.81026477,11
9782,0.87084395,33,0.7928368,27
9783,0.8690723,33,0.7914417,12
9785,0.81761116,33,0.7360949,13
9786,0.86894864,34,0.79170614,11
9787,0.8652115,33,0.7867111,13
9788,0.8600046,32,0.78203714,16
9789,0.84495676,33,0.7638453,14
9790,0.83886135,33,0.7593361,10
9792,0.86667633,34,0.7901194,13
9793,0.87177837,33,0.79384536,25
9795,0.83169544,34,0.7516287,12
9796,0.8691153,32,0.7939278,12
9797,0.86581534,35,0.78712964,16
9799,0.86744684,35,0.78894854,15
9801,0.8398291,34,0.75899655,12
9802,0.8641146,38,0.785262,9
9803,0.85158265,58,0.77267516,10
9805,0.84708977,33,0.7692213,11
9806,0.8647062,37,0.7857417,13
9807,0.842179,32,0.76431924,10
9808,0.8563409,33,0.7791574,16
9809,0.86360466,32,0.7859067,10
9810,0.88136816,33,0.80564594,15
9812,0.8605486,35,0.7808505,10
9813,0.8643614,35,0.787285,19
9815,0.86982536,34,0.79346514,11
9816,0.86855996,33,0.78986144,10
9819,0.8618609,35,0.7833969,13
9820,0.8489272,33,0.77036214,13
9821,0.85871696,34,0.7794933,19
9822,0.89188886,33,0.8170383,10
9823,0.85912657,33,0.782984,13
9824,0.85829973,34,0.7800176,10
9825,0.860721,33,0.78244907,10
9826,0.8693209,34,0.79117954,16
9827,0.8972287,32,0.8235052,11
9828,0.8786546,33,0.8019521,19
9829,0.8576504,34,0.77932477,9
9831,0.87952596,46,0.80325025,14
9832,0.8673606,34,0.79051685,13
9833,0.83988965,33,0.759852,9
9834,0.8783321,35,0.80159223,13
9835,0.86270076,33,0.7840003,11
9838,0.8605403,34,0.7804072,11
9839,0.8340492,31,0.7529466,14
9840,0.8275926,32,0.7486694,12
9842,0.8457692,33,0.76659745,20
9843,0.839505,32,0.7622939,11
9844,0.8805289,33,0.8047063,18
9845,0.8761887,59,0.7989564,14
9846,0.85438323,33,0.77545404,13
9847,0.85268694,32,0.77701265,13
9848,0.8470425,34,0.768669,13
9849,0.8611298,33,0.78217316,10
9850,0.86026686,33,0.7834766,15
9851,0.8791653,34,0.8023804,10
9852,0.87602794,55,0.8001232,13
9853,0.85622716,34,0.77666104,10
9854,0.86051685,33,0.78294027,13
9855,0.8598597,32,0.78246844,20
9856,0.8741418,32,0.7969322,11
9857,0.87133956,33,0.7931274,12
9858,0.8506347,33,0.77080864,11
9859,0.8559874,33,0.77956843,13
9860,0.9024325,32,0.8294324,25
9861,0.8650348,39,0.78715724,9
9862,0.8628533,34,0.7850123,10
9864,0.85670245,33,0.7789694,15
9870,0.86297137,31,0.78653,10
9871,0.8626571,33,0.7854308,17
9872,0.83591634,32,0.756943,10
9873,0.8562298,33,0.7751,18
9874,0.86213136,33,0.78232986,10
9875,0.84162784,36,0.76324326,12
9876,0.8576856,34,0.7793406,15
9877,0.8837959,32,0.8081432,13
9878,0.86931634,36,0.7918712,9
9879,0.8701885,37,0.79337937,12
9881,0.85426116,37,0.7739444,13
9883,0.85758215,33,0.77834785,11
9884,0.86398005,33,0.78702307,12
9885,0.8758328,34,0.7987629,13
9888,0.869635,33,0.79144657,15
9889,0.864843,35,0.7858327,11
9890,0.8450653,33,0.7632504,10
9891,0.83859897,33,0.75738025,10
9892,0.8762816,33,0.79859895,10
9893,0.8646543,44,0.7860888,12
9894,0.8467744,33,0.7707095,15
9895,0.8553083,34,0.77705425,14
9896,0.8682125,34,0.7905952,10
9897,0.87388575,37,0.79530835,13
9898,0.8848592,34,0.8091197,26
9900,0.8461657,71,0.7668531,15
9901,0.8788277,33,0.8028903,10
9903,0.87265766,34,0.7955568,12
9904,0.8730308,52,0.7954136,10
9905,0.87999463,33,0.803769,13
9906,0.84831965,34,0.7685629,10
9907,0.8431194,34,0.7640411,14
9908,0.8432466,34,0.7631631,17
9909,0.87130606,33,0.7935809,10
9913,0.8437079,34,0.7638767,13
9914,0.8340564,33,0.7535767,11
9915,0.8416926,38,0.76169574,10
9917,0.866338,33,0.78907377,14
9918,0.8478949,32,0.7684331,13
9920,0.8541811,43,0.77418613,14
9923,0.8626709,34,0.7855189,12
9925,0.8852138,32,0.80939746,11
9926,0.89012486,62,0.81504947,15
9927,0.8794969,31,0.802583,13
9928,0.8486745,32,0.76801175,16
9929,0.84483564,34,0.76975685,18
9930,0.86490834,60,0.7868948,15
9931,0.8810898,42,0.80515313,12
9932,0.8588586,33,0.7796102,17
9935,0.8617137,34,0.78288597,11
9936,0.86628664,31,0.78980875,11
9938,0.8786931,33,0.8033905,10
9939,0.89010173,32,0.8150376,11
9940,0.8224092,57,0.7408658,15
9942,0.8754295,30,0.7980017,10
9943,0.8519803,32,0.77608144,14
9944,0.84561884,33,0.7673741,11
9945,0.8513098,34,0.76984066,13
9946,0.8598094,33,0.7826979,16
9948,0.8510535,32,0.7717427,11
9949,0.84952074,32,0.77025926,10
9950,0.8729247,33,0.79495656,9
9951,0.8675124,32,0.79020727,12
9952,0.85617113,33,0.77807856,9
9954,0.87392175,34,0.79646945,11
9956,0.8452581,32,0.7683514,9
9957,0.86912555,30,0.7914876,15
9958,0.84744304,33,0.7666438,10
9959,0.8467673,34,0.7688353,9
9960,0.85331166,31,0.77365196,10
9961,0.86159134,33,0.78397256,12
9963,0.8335195,31,0.7534868,10
9964,0.88212085,34,0.8057704,17
9965,0.8788487,32,0.801781,10
9966,0.85669273,32,0.77789545,13
9967,0.85239685,33,0.77345324,12
9968,0.8555015,34,0.777263,22
9969,0.8558234,32,0.7784919,11
9970,0.8417986,34,0.76118255,9
9971,0.86434174,33,0.78584623,12
9972,0.8609352,33,0.78161997,10
9974,0.8336341,33,0.75499326,11
9975,0.85212445,34,0.77326006,22
9976,0.8586115,33,0.7812798,16
9977,0.8427561,36,0.7632388,15
9980,0.836709,33,0.7544745,15
9981,0.8489392,32,0.76966786,14
9982,0.8462023,32,0.7698285,10
9983,0.88188136,34,0.80552685,11
9984,0.8396529,34,0.75805646,11
9985,0.840212,34,0.76238513,28
9986,0.856804,33,0.77926576,17
9987,0.8375503,34,0.75887775,12
9988,0.8667099,32,0.7891782,11
9989,0.8483811,34,0.77262497,14
9990,0.87714916,34,0.799835,24
9991,0.8572475,33,0.77955693,10
9992,0.8701,33,0.7932265,11
9993,0.85273755,33,0.77419674,10
9994,0.8426936,50,0.7611679,10
9995,0.86344755,47,0.78794163,9
9996,0.859141,39,0.7803495,12
9997,0.8721804,35,0.79654735,9
9998,0.85743,33,0.7818426,10
9999,0.8561867,32,0.7778969,12
10000,0.8712747,33,0.79566884,13
10001,0.8676001,33,0.79069173,11
10002,0.87050104,59,0.79227304,24
10003,0.859182,34,0.78529316,11
10004,0.8821118,34,0.80594206,17
10005,0.8752165,34,0.7983678,9
10006,0.8733822,34,0.7963079,12
10007,0.86896944,34,0.7903076,12
10008,0.899951,33,0.8258224,10
